group,ID,original,quiescent_current,voltage_gain,cutoff_frequency,current_slope,T150_aging
RSAM,RSAM01,True,5.142775271087887,26.691119985503,657.0318395246148,9.482786896524671e-05,
RSAM,RSAM02,True,5.204219184815885,26.85581366976095,655.212711164612,9.483966509435534e-05,
RSAM,RSAM03,True,5.238212458789349,26.853568667982824,658.028524175388,9.48233262701817e-05,
RSAM,RSAM04,True,5.260036047548054,26.830374283305577,657.2420498278194,9.44243909647497e-05,
RSAM,RSAM05,True,5.224818084388973,26.96867755220344,657.4585799892345,9.627988449023342e-05,
RSAM,RSAM06,True,5.291439965367316,26.76132558646288,649.6298395031461,9.310028434686268e-05,
RSAM,RSAM07,True,5.239083990454674,26.85874821902,658.8486305514101,9.36609522137074e-05,
RSAM,RSAM08,True,5.121644027531145,26.802451025426127,653.946845400689,9.40502466248334e-05,
RSAM,RSAM09,True,5.260730255395173,26.922791739058148,658.4343224890499,9.425729426081166e-05,
RSAM,RSAM10,True,5.2632824517786485,26.8707291221192,654.0502588649601,9.310313180157048e-05,
RSAM,RSAM11,True,5.25573818013072,26.855041243194684,656.2297786062477,9.32764271926941e-05,
RSAM,RSAM12,True,5.371604952961206,26.82782139825331,648.2106118292728,9.181229383056933e-05,
RSAM,RSAM13,True,5.302506778389216,26.90440957778528,657.1277493029264,9.303512057762387e-05,
RSAM,RSAM14,True,5.2969273179769525,26.83456439840298,661.4603829173097,9.23476174154368e-05,
RSAM,RSAM15,True,5.328942183405159,26.81259065890247,653.6304430607971,9.219812575836616e-05,
RSAM,RSAM16,True,5.327637121081352,26.873157180987004,657.3748829933141,9.31657086520344e-05,
RSAM,RSAM17,True,5.373846739530562,26.89205848929505,651.5383081535148,9.192051691944852e-05,
RSAM,RSAM18,True,5.370286945253611,26.81080581048502,659.5776440437048,9.216528612371644e-05,
RSAM,RSAM19,True,5.380236264318229,26.89001917129746,656.9460362692206,9.229444471146188e-05,
RSAM,RSAM20,True,5.385719146579504,26.89179730754078,650.6801558214466,9.174803449731638e-05,
RSAM,RSAM21,True,5.242494121193887,26.830586816359943,639.6836836781926,9.53080011635871e-05,
RSAM,RSAM22,True,5.253316089510918,26.7645975236593,646.7667529253271,9.481414109114108e-05,
RSAM,RSAM23,True,5.147862900048496,26.834685676933645,641.92234322185,9.514497710998449e-05,
RSAM,RSAM24,True,5.217525921761991,26.833799928035347,650.1380886113327,9.591185742609582e-05,
RSAM,RSAM25,True,5.186298210173844,26.89348631731271,648.1017165585912,9.531705691295443e-05,
RSAM,RSAM26,True,5.21030779927969,26.893173250932097,647.6687310692272,9.503503460520072e-05,
RSAM,RSAM27,True,5.200399272143843,26.849745481614217,651.0423851288173,9.425336832570974e-05,
RSAM,RSAM28,True,5.238831788301469,26.92209706632949,645.4768348355175,9.540296021223202e-05,
RSAM,RSAM29,True,5.238299537450076,26.885916370237272,645.8984929464015,9.39798619344244e-05,
RSAM,RSAM30,True,5.314565822482111,26.832673408295125,650.509278894247,9.372459936232127e-05,
RSAM,RSAM31,True,5.177927762269974,26.876075351066305,649.3471268879205,9.476727734377412e-05,
RSAM,RSAM32,True,5.262113735079768,26.908201101821312,648.5233252796006,9.388470534213778e-05,
RSAM,RSAM33,True,5.278958566486836,26.78341991240928,651.1958756846705,9.282450682612384e-05,
RSAM,RSAM34,True,5.279796011745932,26.84381902922656,648.9942989110209,9.263652308443837e-05,
RSAM,RSAM35,True,5.356374476104973,26.87586475287094,647.4281234142825,9.219276339008928e-05,
RSAM,RSAM36,True,5.284868460148575,26.85880964125177,649.2714483953606,9.128175980036218e-05,
RSAM,RSAM37,True,5.342077184468508,26.85429980458448,649.0092608905261,9.304794313099515e-05,
RSAM,RSAM38,True,5.346792750060558,26.889189285576585,650.9305616907975,9.361152306432943e-05,
RSAM,RSAM39,True,5.385854933410885,26.815280985149723,643.7236563272947,9.248289932970428e-05,
RSAM,RSAM40,True,5.356329027563332,26.908613008847727,644.147099706408,9.283313508287208e-05,
RSAM,RSAM41,True,5.360555555671456,26.82481177340524,643.5015595253419,9.244409795257771e-05,
RSAM,RSAM42,True,5.2898650988936415,26.83957744338036,639.0499389180912,9.637868426821404e-05,
RSAM,RSAM43,True,5.227157566696406,26.90076040781137,652.4622612459374,9.750880979391898e-05,
RSAM,RSAM44,True,5.305809900164606,26.73996787956373,639.8258064251582,9.773449353546286e-05,
RSAM,RSAM45,True,5.209637805819512,26.93839145885978,641.1851789279685,9.767802982600444e-05,
RSAM,RSAM46,True,5.254195164889098,26.890073636635883,642.7936393365001,9.5964940350766e-05,
RSAM,RSAM47,True,5.15669109299779,26.792623371546448,643.3700415700974,9.531413695960784e-05,
RSAM,RSAM48,True,5.195499584078791,26.7733136936922,639.9701600393181,9.529061576855224e-05,
RSAM,RSAM49,True,5.2829872816801045,26.856905504996178,643.6687227195381,9.598123898664626e-05,
RSAM,RSAM50,True,5.20104989409447,26.898167351824792,641.482098189772,9.564746582740793e-05,
RSAM,RSAM51,True,5.110293813049794,26.80231838749008,655.1109439205557,9.51027024041132e-05,
RSAM,RSAM52,True,2.9476028867065898,26.864028282783163,647.202624179564,0.0001363423786845,
RSAM,RSAM53,True,5.237099900841714,26.860975355566858,653.728139855901,9.593957000970983e-05,
RSAM,RSAM54,True,5.272873397916556,26.898538898637423,637.8846594260882,9.524007706557684e-05,
RSAM,RSAM55,True,5.3494270890951165,26.93174734044368,642.7017055917021,9.486947125534016e-05,
RSAM,RSAM56,True,5.222654156386852,26.841785484738192,632.596229937521,9.461493710334718e-05,
RSAM,RSAM57,True,5.272608995437622,26.932592806762223,642.5140756064345,9.51771080364911e-05,
RSAM,RSAM58,True,5.306490417569877,26.869372172182484,645.7998735686525,9.339956562186046e-05,
RSAM,RSAM59,True,5.29132466763258,26.866826221417483,646.2638610616403,9.399625714914064e-05,
RSAM,RSAM60,True,5.296375323086978,26.792605545188263,647.6045401778005,9.3286692327493e-05,
RSAM,RSAM61,True,5.351779237389563,26.833583315728674,650.1907039794215,9.557119365991944e-05,
RSAM,RSAM62,True,5.349643435329201,26.83183772981775,643.5187328643634,9.554580746227816e-05,
RSAM,RSAM63,True,5.328173656016588,26.97757223638069,656.97339301292,9.668081915217426e-05,
RSAM,RSAM64,True,5.338339041918519,26.86194028425837,649.5606432270755,9.428521364925342e-05,
RSAM,RSAM65,True,5.227748490870001,26.7051410420714,653.70024729131,9.323898940649309e-05,
RSAM,RSAM66,True,5.336141400039196,26.84048364044359,650.7852409534016,9.298581756221226e-05,
RSAM,RSAM67,True,5.237485934048893,26.857832378248883,646.4022495272982,9.353541613476496e-05,
RSAM,RSAM68,True,5.3509674966335306,26.966022264696143,649.0676208487312,9.48163005672048e-05,
RSAM,RSAM69,True,5.281299073249103,26.87611024771052,647.5360974559856,9.390289740591311e-05,
RSAM,RSAM70,True,5.33543089404702,26.8573993118023,652.0321393915812,9.281624480038888e-05,
RSAM,RSAM71,True,5.444882903248073,26.909265099829923,646.1859174847538,9.379014738541704e-05,
RSAM,RSAM72,True,5.3763368166983145,26.8284431823348,652.0716440530273,9.205597195103766e-05,
RSAM,RSAM73,True,5.448416434228422,26.8818842396892,659.2487083459177,9.484308985666071e-05,
RSAM,RSAM74,True,5.465679336339238,26.89805087228245,662.4159270400785,9.19335685360053e-05,
RSAM,RSAM75,True,5.425167828798294,26.99610800514824,645.8715473935932,9.31905897375108e-05,
RSAM,RSAM76,True,5.419861711561678,26.911371796394302,645.5732582084062,9.336575944663934e-05,
RSAM,RSAM77,True,5.37372026592493,26.79221041472199,654.7596428012376,9.335738660751238e-05,
RSAM,RSAM78,True,5.389200896024704,26.86352100018768,647.413014651178,9.3725255282012e-05,
RSAM,RSAM79,True,5.428354628384114,26.866230923704563,653.1817140288528,9.375601872140542e-05,
RSAM,RSAM80,True,5.29371201992035,26.87627727330157,646.5137574372312,9.426137764821816e-05,
RSAM,RSAM81,True,5.40963066741824,26.868687174509983,652.9369943923634,9.29982875836398e-05,
RSAM,RSAM82,True,5.1958809606730965,26.818218269669945,638.5818814469994,9.510006953308148e-05,
RSAM,RSAM83,True,5.28389047831297,26.93609090402952,641.9658471728014,9.604497159260297e-05,
RSAM,RSAM84,True,5.449585523456338,26.984732209457093,643.7084833337975,9.620905250358266e-05,
RSAM,RSAM85,True,5.395128484815357,26.88226687754338,644.8091325259113,9.454102121491828e-05,
RSAM,RSAM86,True,5.3355759009718895,26.84780712400272,643.739446150668,9.449168081732396e-05,
RSAM,RSAM87,True,5.375306960195301,26.93858956350603,647.2444736001203,9.520548702487916e-05,
RSAM,RSAM88,True,5.381360277533532,26.819389697374525,652.8522148741874,9.358078966574948e-05,
RSAM,RSAM89,True,5.349012278020382,26.83983794359309,655.6156443037546,9.342456141133816e-05,
RSAM,RSAM90,True,5.321945622563364,26.837326037326623,645.0291157816645,9.336507747898208e-05,
RSAM,RSAM91,True,5.457768216729164,26.966510731670564,648.2119350775121,9.37658769025076e-05,
RSAM,RSAM92,True,5.322168022394182,26.86120397281321,656.340469616987,9.247448979942648e-05,
RSAM,RSAM93,True,5.363319721072914,26.83593864696248,657.8234902703609,9.28332900234833e-05,
RSAM,RSAM94,True,5.499583762139083,26.85395872128526,654.2324497400492,9.145958656010706e-05,
RSAM,RSAM95,True,5.459810048341752,26.90362194698209,661.2229006596191,9.257356483895108e-05,
UTC_CD,UTC_CD01,False,4.410439729690553,26.826807233908887,619.6048775694395,6.848581365257002e-05,
UTC_CD,UTC_CD02,False,4.394228663295507,26.92018400253249,620.6258663270149,6.874419705962833e-05,
UTC_CD,UTC_CD03,False,4.39825039356947,26.74843317567981,601.3699977641689,6.660108502066151e-05,
UTC_CD,UTC_CD04,False,4.37492011114955,26.806291108323705,604.9537308402507,6.825336070831784e-05,
UTC_CD,UTC_CD05,False,4.506532941013576,26.898449018354064,604.3251408969176,6.692767847288835e-05,
UTC_CD,UTC_CD06,False,4.50061997398734,26.822202366401346,611.4954032867981,6.631130308890331e-05,
UTC_CD,UTC_CD07,False,4.49516549706459,26.825004562718483,621.4375926724167,6.681452888729022e-05,
UTC_CD,UTC_CD08,False,4.4905653223395365,26.83433521085318,621.8910834786964,6.727150888072497e-05,
UTC_CD,UTC_CD09,False,4.47585368528962,26.745006679081,603.4507462163873,6.770884023318191e-05,
UTC_CD,UTC_CD10,False,4.546693898737431,26.95195911888345,617.0223572709738,6.494612391334235e-05,
UTC_CD,UTC_CD11,False,4.652141313999891,26.85834987100477,608.9444225765145,6.51309409156533e-05,
UTC_CD,UTC_CD12,False,4.67873914167285,26.878757748605075,607.174905395685,6.40749941770667e-05,
UTC_CD,UTC_CD13,False,4.642403870821,26.90463368755216,606.262703704207,6.482785348245055e-05,
UTC_CD,UTC_CD14,False,4.65859053656459,26.83305497936856,601.199656122307,6.524449888438815e-05,
UTC_CD,UTC_CD15,False,4.682795144617558,26.850810261845503,624.3971681720615,6.430283271552468e-05,
UTC_CD,UTC_CD16,False,4.689410235732794,26.8491174157004,612.5140947682565,6.42118023122046e-05,
UTC_CD,UTC_CD17,False,4.678775183856488,26.82402010227108,612.5689286885539,6.317173459900632e-05,
UTC_CD,UTC_CD18,False,4.707169625908136,26.89490274922209,602.9261449110422,6.296671878208406e-05,
UTC_CD,UTC_CD19,False,4.66564716771245,26.86685098662327,610.5510179806894,6.418406456021326e-05,
UTC_CD,UTC_CD20,False,4.674949403852224,26.78751945090268,617.7570982061019,6.34434389237408e-05,
UTC_CD,UTC_CD21,False,4.69987839460373,26.801728213411582,598.4260894066535,6.359726755740655e-05,
UTC_CD,UTC_CD22,False,4.702918883413078,26.754250981668644,621.1082937734725,6.375966844567481e-05,
UTC_CD,UTC_CD23,False,4.701610188931226,26.848761019310324,611.7797774878228,6.288321894162822e-05,
UTC_CD,UTC_CD24,False,4.6792296692729,26.892144547980628,607.0228564853754,6.408802939307818e-05,
UTC_CD,UTC_CD25,False,4.6966941095888615,26.81450439002031,616.2243389810191,6.370604041991522e-05,
UTC_CD,UTC_CD26,False,4.658801481127741,26.820235908574183,611.3146476707487,6.351617556175734e-05,
UTC_CD,UTC_CD27,False,4.705795925110578,26.813260410218323,600.9984785667469,6.331083331462866e-05,
UTC_CD,UTC_CD28,False,4.675977583974598,26.80820327556965,613.1033762538538,6.350260686670605e-05,
UTC_CD,UTC_CD29,False,4.653122648596764,26.830201305605407,610.5740728890765,6.385425058289803e-05,
UTC_CD,UTC_CD30,False,4.520270507782696,26.89933705651695,614.4547499398642,6.805633008527648e-05,
UTC_CD,UTC_CD31,False,4.51430194079876,26.892404039006824,594.4429462881756,6.763338547595092e-05,
UTC_CD,UTC_CD32,False,4.4775225222110775,26.933567608615327,603.4879619876693,6.757556393654045e-05,
UTC_CD,UTC_CD33,False,4.491280298680067,26.86069170452631,600.4852635389359,6.739268434275307e-05,
UTC_CD,UTC_CD34,False,4.504782240837812,26.879567547737736,617.4645963707915,6.72759305233407e-05,
UTC_CD,UTC_CD35,False,4.431810230016708,26.834030746234568,617.8168142401015,6.90695567472162e-05,
UTC_CD,UTC_CD36,False,4.432232119143012,26.82518832651545,628.1512674290042,6.876783546740725e-05,
UTC_CD,UTC_CD37,False,4.441162198781966,26.85269318863555,615.9274938178722,6.900834358824172e-05,
UTC_CD,UTC_CD38,False,4.427757859230042,26.78437763103988,626.5389804999514,6.785498888142394e-05,
UTC_CD,UTC_CD39,False,4.444451816380024,26.815656805004245,616.3168876692439,6.812106178260291e-05,
UTC_CD,UTC_CD40,False,4.45824842900038,26.906724560973565,627.0412501623812,6.877225557984192e-05,
UTC_CD,UTC_CD41,False,4.434096813201904,26.916350076001542,633.6858788427662,6.945395149773771e-05,
UTC_CD,UTC_CD42,False,4.388992767781022,26.91219794000947,622.6082404287001,6.970753221555836e-05,
UTC_CD,UTC_CD43,False,4.374605510383844,26.88862362355744,610.0614301555014,6.980625304900924e-05,
UTC_CD,UTC_CD44,False,4.374535940587522,26.90117769425035,626.6955876182889,6.971839820356547e-05,
UTC_CD,UTC_CD45,False,4.50790738686919,26.92550244144269,609.8410501934603,6.744270798793797e-05,
UTC_CD,UTC_CD46,False,4.501582216471434,26.90235705675268,616.8211298289799,6.758321481783127e-05,
UTC_CD,UTC_CD47,False,4.456998407840729,26.862381873407053,616.1832177462044,6.800786004064278e-05,
UTC_CD,UTC_CD48,False,4.490696825087072,26.901983467121187,618.6013940707036,6.810143195474883e-05,
UTC_CD,UTC_CD49,False,4.48537180200219,26.880087918498145,610.3638345194098,6.799712087117564e-05,
UTC_CD,UTC_CD50,False,4.430152289569378,26.53276363246303,635.2045616856471,6.665350957044121e-05,
UTC_CD,UTC_CD51,False,4.553498886525633,26.80993262330365,632.3589873935591,6.663136334854935e-05,
UTC_CD,UTC_CD52,False,4.563970398157833,26.85213186615573,657.2019846364459,6.726963806234769e-05,
UTC_CD,UTC_CD53,False,4.552757553756238,26.784309832432548,638.7388472083528,6.690627603308818e-05,
UTC_CD,UTC_CD54,False,4.5479941181838495,26.8167196958256,648.8153140799302,6.675299161484133e-05,
UTC_CD,UTC_CD55,False,4.618912655860186,26.86110342260007,655.1304854779991,6.600987519411367e-05,
UTC_CD,UTC_CD56,False,4.51581422239542,26.874935429207017,629.9390328225966,6.64478600982748e-05,
UTC_CD,UTC_CD57,False,4.543352872133256,26.851763656015805,626.6634195631088,6.594641878524504e-05,
UTC_CD,UTC_CD58,False,4.516601189970968,26.83391512152449,630.9804273392592,6.561167185124373e-05,
UTC_CD,UTC_CD59,False,4.483308829367162,26.607902416057435,663.6051226196798,6.711251054714421e-05,
UTC_CD,UTC_CD60,False,4.478183016180992,26.86300955006481,641.9089869427651,6.673574953927703e-05,
UTC_CD,UTC_CD61,False,4.430050589144227,26.82545425921497,635.9953962646625,6.730606828932871e-05,
UTC_CD,UTC_CD62,False,4.448798298835754,26.808566659659483,633.3784713657893,6.658029505628126e-05,
UTC_CD,UTC_CD63,False,4.529192764312028,26.81744741488817,638.9369853711077,6.605341716035345e-05,
UTC_CD,UTC_CD64,False,4.440212622284888,26.865241233019795,640.6964772222243,6.672100524039761e-05,
UTC_CD,UTC_CD65,False,4.435108788311482,26.927660551855865,646.9618320764127,6.766142035354234e-05,
UTC_CD,UTC_CD66,False,4.507545940577986,26.89602256981657,621.8000036223559,6.683517233716633e-05,
UTC_CD,UTC_CD67,False,4.492928460240364,26.877791706221966,634.2735350756925,6.629961447591679e-05,
UTC_CD,UTC_CD68,False,4.505858477205038,26.856754611961737,629.0528496907126,6.627212568500565e-05,
UTC_CD,UTC_CD69,False,4.487113375216722,26.828447766489223,625.7357630323543,6.5519715247181e-05,
UTC_CD,UTC_CD70,False,4.503188561648132,26.826919262815714,624.5151416374893,6.626934137012933e-05,
UTC_CD,UTC_CD71,False,4.477272648364306,26.87357903201822,610.8591774882015,6.632246310391182e-05,
UTC_CD,UTC_CD72,False,4.5158400200307405,26.888002434951147,612.8442011334378,6.587462149790024e-05,
UTC_CD,UTC_CD73,False,4.535477142781017,26.835764282125822,631.0300662938112,6.596182811098319e-05,
UTC_CD,UTC_CD74,False,4.490961879491805,26.816705538343705,621.4237706886993,6.60548014874861e-05,
UTC_CD,UTC_CD75,False,4.54641357064247,26.821860290196906,620.4617923427679,6.391361907322294e-05,
UTC_CD,UTC_CD76,False,4.50693629682064,26.81078960764891,617.1629310666324,6.54480345353205e-05,
UTC_CD,UTC_CD77,False,4.546238295733927,26.866159309463733,627.3606144710953,6.56258609527524e-05,
UTC_CD,UTC_CD78,False,4.504208825528622,26.85234627910736,617.0081310017588,6.566405916518003e-05,
UTC_CD,UTC_CD79,False,4.507602937519552,26.80943703079893,608.5387106312901,6.602320847577721e-05,
UTC_CD,UTC_CD80,False,4.56264466047287,26.841265310071407,618.152238251995,6.43586426783855e-05,
UTC_CD,UTC_CD81,False,4.444278776645662,26.83838102698695,611.9434133657213,6.667494875342006e-05,
UTC_CD,UTC_CD82,False,4.610223229974508,26.796784693578623,601.7204440977364,6.172904215258872e-05,
UTC_CD,UTC_CD83,False,4.501105565577745,26.820315432795446,606.5449521289191,6.779510030773432e-05,
UTC_CD,UTC_CD84,False,4.44042691960931,26.82306491180225,618.2879871458409,6.676853312871046e-05,
UTC_CD,UTC_CD85,False,4.433484096080064,26.789910765241423,619.7024603836832,6.673900104264359e-05,
UTC_CD,UTC_CD86,False,4.401718731969597,26.81100520086475,610.5830095687087,6.59953704995334e-05,
UTC_CD,UTC_CD87,False,4.418768547475336,26.84598736425109,610.7728664800347,6.624027662045722e-05,
UTC_CD,UTC_CD88,False,4.421838745474816,26.83745771618905,609.1795498799139,6.638960496097727e-05,
UTC_CD,UTC_CD89,False,4.402688983827828,26.74140250348836,623.3606682228965,6.75461296124221e-05,
UTC_CD,UTC_CD90,False,4.3780974112451085,26.73699695220848,624.4601792355992,6.726485763456995e-05,
UTC_CD,UTC_CD91,False,4.378137458115816,26.92672878193398,618.7017476390507,6.84543510563037e-05,
UTC_CD,UTC_CD92,False,4.385656863451004,26.86556369282369,630.3159891750978,6.781158910156699e-05,
UTC_CD,UTC_CD93,False,4.40663155168295,26.80009579955608,622.9576613865339,6.774115412568315e-05,
UTC_CD,UTC_CD94,False,4.354015551507472,26.770659647259816,633.6551133958649,6.886053442070295e-05,
UTC_CD,UTC_CD95,False,4.333260096609592,26.788275989275224,632.3532538362552,6.876855171381038e-05,
UTC_CD,UTC_CD96,False,4.305809922516344,26.750445916701068,629.2025858706518,6.853700640332891e-05,
UTC_CD,UTC_CD97,False,4.300493001937868,26.851367058173167,620.1885020422891,6.989255651179085e-05,
UTC_CD,UTC_CD98,False,4.288406576961278,26.827454640946023,630.1748905961662,6.895753848960257e-05,
UTC_CD,UTC_CD99,False,4.484035819768904,26.832543745728326,635.4923031863278,6.597102190610402e-05,
UTC_CD,UTC_CD100,False,4.486441798508169,26.75020991205947,633.3697501259219,6.615310502347943e-05,
NSMG,NSMG02,True,4.841900000000001,27.079915691955467,588.9927066207787,9.45991961924935e-05,0.0
NSMG,NSMG03,True,4.71806,27.0796156488207,583.7882160731624,9.35617768376547e-05,0.0
NSMG,NSMG04,True,4.78744,27.128825833285152,583.3682789366932,9.355378106822085e-05,0.0
NSMG,NSMG05,True,4.67868,27.09620625666424,584.7353980491854,9.537375991539147e-05,0.0
NSMG,NSMG06,True,4.714980000000001,27.0790603137122,586.707101782194,9.526700158646484e-05,0.0
NSMG,NSMG07,True,4.642739999999999,27.04675761690823,598.0015741461934,9.510883130618994e-05,0.0
NSMG,NSMG08,True,4.701519999999999,27.089518726832928,585.7125723706666,9.7269878371235e-05,0.0
NSMG,NSMG09,True,4.65928,27.105716250741864,583.5104963107907,9.709367530407447e-05,0.0
NSMG,NSMG10,True,4.6683,27.09568230277018,586.4294907342655,9.965058699101276e-05,0.0
NSMG,NSMG11,True,4.7672,26.962984588398665,596.7302025805747,9.067470121629074e-05,0.0
NSMG,NSMG12,True,4.5742400000000005,27.091155164575884,594.0685760095889,9.794640930724732e-05,0.0
NSMG,NSMG13,True,4.58256,27.069903006219462,592.4578200205877,9.89405182443178e-05,0.0
NSMG,NSMG14,True,4.61514,27.15605179615013,589.7030840728665,9.896638815441828e-05,0.0
NSMG,NSMG15,True,4.85824,27.14537412006866,611.709566309647,8.848908514014056e-05,0.0
NSMG,NSMG16,True,4.57512,27.156976421206203,617.3128041390444,9.910820729772852e-05,0.0
NSMG,NSMG17,True,4.78852,27.111761595101484,610.176138502545,8.918329984135649e-05,0.0
NSMG,NSMG18,True,4.81244,27.118282106739503,605.9732028950348,8.727238498149414e-05,0.0
NSMG,NSMG19,True,4.81314,27.06928506834556,612.0735397405901,8.927823373876526e-05,0.0
NSMG,NSMG20,True,4.7541,27.111406634777484,609.3086820015442,9.274993125330788e-05,0.0
NSMG,NSMG21,True,4.695819999999999,27.10271720592068,612.5022781038303,9.37967636171366e-05,0.0
NSMG,NSMG22,True,4.68046,27.154030445132168,609.9370312937524,9.34501639344288e-05,0.0
NSMG,NSMG23,True,4.6766,27.116426362016504,609.1977111321382,9.318051824431782e-05,0.0
NSMG,NSMG24,True,4.64538,27.155104366251805,618.1590925450859,9.10765732416738e-05,0.0
NSMG,NSMG25,True,4.65218,27.11256808190035,630.1342502812348,8.911520888419086e-05,0.0
NSMG,NSMG26,True,4.60916,27.15749778665994,611.8857509340901,9.267230037017702e-05,0.0
NSMG,NSMG27,True,4.58716,27.15722061500768,610.2476647484873,9.249003701745372e-05,0.0
NSMG,NSMG28,True,4.841099999999999,27.13958930658078,605.7342811377146,8.74245478582789e-05,0.0
NSMG,NSMG29,True,4.6629,27.16894646983794,615.11687169349,9.486682178741664e-05,0.0
NSMG,NSMG30,True,4.59136,27.18253135835176,609.4280381935123,9.409136964569286e-05,0.0
NSMG,NSMG31,True,4.66142,27.1634304016018,622.2218030554675,9.396633527234544e-05,0.0
NSMG,NSMG32,True,4.613879999999999,27.11651953695897,620.4433820814833,9.19963299841378e-05,0.0
NSMG,NSMG33,True,4.56698,27.12310142677492,619.1137368397596,9.229249074563974e-05,0.0
NSMG,NSMG34,True,4.63224,27.09712685152191,616.4730609477425,9.396500264410642e-05,0.0
NSMG,NSMG35,True,4.623800000000001,27.12660464682596,607.7245421961297,9.382662083553932e-05,0.0
NSMG,NSMG36,True,4.623119999999999,27.16764682646123,604.3244837454647,9.445781068218144e-05,0.0
NSMG,NSMG37,True,4.6158600000000005,27.038568945689057,615.8908440448511,9.423031200423322e-05,0.0
NSMG,NSMG38,True,4.66968,27.116835927944333,605.3923342515193,9.35787308302514e-05,0.0
NSMG,NSMG39,True,4.66394,27.10485646339624,610.4763302461103,9.29599788471735e-05,0.0
NSMG,NSMG40,True,4.59142,27.16992111266073,602.0797646910349,9.510573241671346e-05,0.0
NSS,NSS02,False,3.72044,26.142952409722447,1555.8961163044312,8.324232681121318e-05,0.0
NSS,NSS03,False,3.68468,26.18945693031609,1555.4160654664624,8.40089264939208e-05,0.0
NSS,NSS05,False,3.65888,26.28377484360676,1526.5511878975062,8.38894553146504e-05,0.0
NSS,NSS06,False,3.6542400000000006,26.261807992889025,1536.1331357173644,8.39659016393463e-05,0.0
NSS,NSS07,False,3.67928,26.298683848392383,1532.5334609482368,8.421019566367222e-05,0.0
NSS,NSS08,False,3.793,26.192006304380183,1571.568113677248,8.318381808567126e-05,0.0
NSS,NSS09,False,3.7928,26.17170664615024,1581.370038070818,8.285833950291081e-05,0.0
NSS,NSS10,False,3.7264,26.2252907120174,1504.259636839358,8.499151771549654e-05,0.0
NSS,NSS11,False,3.70936,26.20021590952218,1505.3953657356956,8.47748704389234e-05,0.0
NSS,NSS12,False,3.67968,26.20249007308752,1552.270711978247,8.331464833421693e-05,0.0
NSS,NSS13,False,3.6672,26.186066605794032,1547.3120265909572,8.278049709148794e-05,0.0
NSS,NSS14,False,3.6375,26.21667991196667,1561.5006524135738,8.370580645161488e-05,0.0
NSS,NSS15,False,3.65818,26.21425576007898,1576.9796925431087,8.292524590164129e-05,0.0
NSS,NSS16,False,3.54568,26.212499809189268,1539.318705482387,8.325300898995435e-05,0.0
NSS,NSS17,False,3.5609,26.18629026646856,1556.179406221189,8.328346906398929e-05,0.0
NSS,NSS18,False,3.60206,26.16783508825968,2336.073547501628,8.247933368588255e-05,0.0
NSS,NSS19,False,3.6275,26.12759173415356,2233.416218246035,8.087687995769639e-05,0.0
NSS,NSS20,False,3.7377,26.151347582811468,2533.449824405586,8.215912215759092e-05,0.0
NSS,NSS21,False,3.68176,26.224038469890782,2431.7940168243067,8.137337916446534e-05,0.0
NSS,NSS22,False,3.6823,26.22722397614473,2535.292764530518,8.211382337387835e-05,0.0
NSS,NSS23,False,3.6633,26.13977565878015,2470.2867671525228,8.248830248545948e-05,0.0
NSS,NSS24,False,3.66468,26.147821990143,2291.6883646049564,8.154827075621575e-05,0.0
NSS,NSS25,False,3.70766,26.32350771973845,2400.1641058809005,8.357454257007095e-05,0.0
NSS,NSS26,False,3.7141,26.11001580500117,1655.5511896846394,8.203555790587213e-05,0.0
NSS,NSS27,False,3.65088,26.23157521181485,1917.879142727219,8.37513590692775e-05,0.0
NSS,NSS28,False,3.62962,26.229986787875465,1918.9281306175003,8.353844526705653e-05,0.0
NSS,NSS29,False,3.66892,26.15749871154631,1851.340867831704,8.150027498678158e-05,0.0
NSS,NSS30,False,3.6656,26.2219398038002,1887.0295842400303,8.288109994711997e-05,0.0
NSS,NSS31,False,3.68844,26.151524706001773,1614.8831542327566,8.32320994182995e-05,0.0
NSS,NSS32,False,3.54832,26.18881457918729,2078.318954995808,8.391674246430655e-05,0.0
NSS,NSS33,False,3.5765200000000004,26.27673270104855,1586.662676200768,8.444835536753236e-05,0.0
NSS,NSS34,False,3.5157800000000003,26.14576227474116,1654.0427127442638,8.405194077208029e-05,0.0
NSS,NSS35,False,3.5601600000000007,26.12881917387916,1668.3273728979248,8.386428344791326e-05,0.0
NSS,NSS36,False,3.5723199999999995,26.19108584030436,1584.2361314282748,8.339620306716229e-05,0.0
NSS,NSS37,False,3.63408,26.189712933419155,1594.2230226962995,8.190831306187403e-05,0.0
NSS,NSS38,False,3.672200000000001,26.17528431246368,1605.9470679269389,8.173682707562341e-05,0.0
NSS,NSS39,False,3.65518,26.159701979553688,1621.6456611888905,8.339928080380965e-05,0.0
NSS,NSS40,False,3.72214,26.20081191890249,1478.512288916034,8.172719196192716e-05,0.0
RSG,RSG01,True,5.04598,27.00854943380698,567.8389434320612,0.0001070188048651,0.0
RSG,RSG02,True,4.93128,27.06857566219466,562.7581502870988,0.0001075380433633,0.0
RSG,RSG03,True,5.04828,27.15201184873634,562.9298236273306,0.0001086612585933,0.0
RSG,RSG04,True,4.9621,27.08517917411156,564.4066922650707,0.0001096596509783,0.0
RSG,RSG05,True,5.07606,26.929989618195595,572.259107812498,0.0001071924167107,0.0
RSG,RSG06,True,5.00468,26.99099125922297,569.3874747013973,0.0001081045795875,0.0
RSG,RSG07,True,5.12446,26.937454625027307,569.2842399711636,0.0001087861660497,0.0
RSG,RSG08,True,5.06372,26.921271461556053,567.4399415482898,0.0001075245372818,0.0
RSG,RSG09,True,5.0665,26.90208090393384,571.0201041611153,0.0001084483447911,0.0
RSG,RSG10,True,5.062819999999999,27.01863564357884,565.5477034953814,0.0001068510417768,0.0
TIS,TIS02,False,4.29112,27.61539210188142,480.02669891367793,4.854677948175854e-05,0.0
TIS,TIS03,False,4.58248,27.54508532197436,508.0776959695822,3.0286176626127147e-05,0.0
TIS,TIS04,False,4.6408000000000005,27.439593214976384,507.0249134431778,4.326771020624312e-05,0.0
TIS,TIS05,False,4.47776,27.359445028547565,492.9300334331298,6.969628767847992e-05,0.0
TIS,TIS06,False,4.69592,27.419744886660787,485.3442064450781,2.012848228450904e-05,0.0
TIS,TIS07,False,4.58152,27.65909562197224,491.01276775363385,5.4375674246433554e-05,0.0
TIS,TIS08,False,4.661560000000001,27.638553403338744,476.9007546571613,3.1648651507142695e-05,0.0
TIS,TIS09,False,4.86608,27.655610229516363,498.90907462664194,1.4907837123219026e-05,0.0
TIS,TIS10,False,4.87544,27.7331867517592,469.0389721399685,3.957165520892134e-06,0.0
TIS,TIS11,False,4.69904,27.44320278363724,511.1086418181115,5.099181385510635e-05,0.0
TIS,TIS12,False,4.21656,27.641267326717745,458.33456462712456,6.211012162877056e-05,0.0
TIS,TIS13,False,4.59576,27.433129040605102,487.16006070373766,6.60077630883159e-05,0.0
TIS,TIS14,False,4.35276,27.50625000630575,494.084115859934,3.845861448969105e-05,0.0
TIS,TIS15,False,4.315080000000001,27.520844748456422,480.1703910204298,4.483824431518007e-05,0.0
TIS,TIS16,False,4.21536,27.46537280587749,457.2544693769431,5.07215441565339e-05,0.0
TIS,TIS17,False,4.82368,27.407890655779926,495.4259419943603,1.6526303543102648e-05,0.0
TIS,TIS18,False,4.4196800000000005,27.555327154858333,491.2634344593517,3.757455314648644e-05,0.0
TIS,TIS19,False,4.66404,27.5027841728044,506.3519710005496,6.044619777895603e-05,0.0
TIS,TIS20,False,4.44068,27.542251675527144,483.2542079419618,4.10551665785329e-05,0.0
TIS,TIS21,False,4.90236,27.59045175745312,474.8517768133496,1.5433315706014735e-06,0.0
TIS,TIS22,False,4.9447600000000005,27.508320186685854,473.8908020380788,2.8985298783750395e-06,0.0
TIS,TIS23,False,4.624319999999999,27.56697437257086,502.3136000939055,6.639547329455587e-05,0.0
TIS,TIS24,False,3.60028,27.69975563822889,479.422305816864,5.287428873612069e-05,0.0
TIS,TIS25,False,4.93356,27.67693937783133,467.0222646308827,1.3897620306752298e-06,0.0
TIS,TIS26,False,4.34612,27.54278492993684,478.4894944118295,4.685838180856983e-05,0.0
TIS,TIS27,False,4.38132,27.523971566156384,484.455850874965,3.733317821258882e-05,0.0
TIS,TIS28,False,4.071839999999999,27.6175602616478,496.3665240435169,4.847433104177944e-05,0.0
TIS,TIS29,False,4.21256,27.516881774941645,457.9088742486738,5.666411422528037e-05,0.0
TIS,TIS30,False,4.37496,27.477279455155696,463.80588080273634,4.708391327340321e-05,0.0
TIS,TIS31,False,4.7398,27.52653067545184,495.1025996606933,4.898377578001396e-05,0.0
TIS,TIS32,False,4.518599999999999,27.526016669325248,476.5214101999112,4.710062400846419e-05,0.0
TIS,TIS33,False,4.588440000000001,27.569422753248706,499.4717921188901,4.935638286621159e-05,0.0
TIS,TIS34,False,4.59208,27.383081007733487,467.6077813548702,5.098383923850127e-05,0.0
TIS,TIS35,False,4.80124,27.64898152917236,465.329175898045,3.363744050770381e-06,0.0
TIS,TIS36,False,4.4204,27.58591517570565,478.4120586615036,4.196158646219235e-05,0.0
TIS,TIS37,False,4.246359999999999,27.42894710839,471.8751580956296,5.321499735589929e-05,0.0
TIS,TIS38,False,4.594920000000001,27.6375342669398,482.6352062888981,4.5928905341092565e-05,0.0
TIS,TIS39,False,4.660240000000001,27.46492439620551,503.02005161900576,6.322654680063753e-05,0.0
TIS,TIS40,False,4.48256,27.44854829943292,473.013261871963,5.025030142781861e-05,0.0
F,F01,True,4.790039999999999,27.12667905782963,584.0052014561076,9.758696985722124e-05,0.0
F,F02,True,4.80872,27.110167483637305,581.6168881706282,9.694745637229237e-05,0.0
F,F03,True,4.794880000000001,27.127630301942368,581.1811286304023,9.729973558963744e-05,0.0
F,F04,True,4.77608,27.158559568643646,584.2006702131249,9.759839238498424e-05,0.0
F,F05,True,4.729799999999999,27.09724316363321,579.2883886630514,9.647361184558716e-05,0.0
F,F06,True,4.718240000000001,27.046384600600163,586.6085033142506,9.527511369645974e-05,0.0
F,F07,True,4.82348,27.099716566209697,580.1858310071293,9.64191644632496e-05,0.0
F,F08,True,4.75364,27.131947090691845,581.1614865284514,9.519949233210196e-05,0.0
F,F09,True,4.79256,27.11630877438351,582.2215559465017,9.62447593865708e-05,0.0
NSMG2_,NSMG2_01,True,4.79164,26.884740170149787,622.7950703537351,0.0001033283130618,0.0
NSMG2_,NSMG2_02,True,4.90392,26.96370432067787,599.2416329127603,0.0001036779693284,0.0
NSMG2_,NSMG2_03,True,4.966880000000001,26.979747162123555,588.5658125924704,0.000104249286092,0.0
NSMG2_,NSMG2_04,True,4.9208,26.90041840847437,583.8352309694592,0.0001034452035959,0.0
NSMG2_,NSMG2_05,True,4.938000000000001,27.000845787452203,593.8151507120804,0.000104570026441,0.0
NSMG2_,NSMG2_06,True,5.1223600000000005,26.899458988824183,665.525354316628,0.0001074443574828,0.0
NSMG2_,NSMG2_07,True,4.89792,26.98860211549087,591.3859038350497,0.0001049769011105,0.0
NSMG2_,NSMG2_08,True,4.8656,26.976451069302,605.0496007377739,0.0001037195769434,0.0
NSMG2_,NSMG2_09,True,4.90268,27.06506677176081,590.1518139648375,0.0001039332628239,0.0
NSMG2_,NSMG2_10,True,4.786919999999999,26.88245847371308,587.694947969571,0.0001020906821787,0.0
NSMG2_,NSMG2_11,True,5.083679999999999,26.961558040422297,642.9035721557736,0.000116335970386,0.0
NSMG2_,NSMG2_12,True,4.7156400000000005,27.00522061191833,662.120136416757,0.0001105055314648,0.0
NSMG2_,NSMG2_13,True,5.12952,26.82360924749109,663.1526803147926,0.000116717884717,0.0
NSMG2_,NSMG2_14,True,5.06088,26.981142699958617,651.8182642395802,0.0001168693812797,0.0
NSMG2_,NSMG2_15,True,5.05188,27.009206749140628,646.2433140975085,0.000116913548387,0.0
NSMG2_,NSMG2_16,True,5.041,26.89318582639352,638.2065214047369,0.0001154346060285,0.0
NSMG2_,NSMG2_17,True,5.12868,26.8570957617842,620.2216492659869,0.0001158473400317,0.0
NSMG2_,NSMG2_18,True,5.1102,26.86525054268302,622.8506541026851,0.0001148837017451,0.0
NSMG2_,NSMG2_19,True,5.06448,27.01604190130763,609.10333965216,0.000115997017451,0.0
NSMG2_,NSMG2_20,True,5.1570800000000006,26.90226547363826,642.2719565343385,0.0001151483236382,0.0
NSMG2_,NSMG2_21,True,4.90132,26.92156050698584,595.998079153911,0.0001102006345848,0.0
NSMG2_,NSMG2_22,True,4.96192,26.96844284440696,599.2986150141119,0.0001114554627181,0.0
NSMG2_,NSMG2_23,True,4.9642,26.900747598567097,606.7144715222294,0.0001111326493918,0.0
NSMG2_,NSMG2_24,True,4.88248,26.80664199038777,595.1127513180085,0.0001105539925965,0.0
NSMG2_,NSMG2_25,True,4.91548,26.91254470422296,633.5741459721354,0.0001120027498677,0.0
NSMG2_,NSMG2_26,True,4.89444,26.971879482934003,632.5544800547274,0.0001105091485986,0.0
NSMG2_,NSMG2_27,True,4.970799999999999,26.891138654257794,630.6636026707093,0.0001139640401903,0.0
NSMG2_,NSMG2_28,True,5.055039999999999,26.980342087202803,627.2786702480249,0.0001106311581174,0.0
NSMG2_,NSMG2_29,True,5.13092,26.8918117532815,642.8879706282233,0.0001137242305658,0.0
NSMG2_,NSMG2_30,True,5.09868,26.8552260307427,618.4001012729793,0.0001093894024325,0.0
NSMG2_,NSMG2_31,True,4.84508,26.94024557737283,586.5406562972194,0.0001146777154944,0.0
NSMG2_,NSMG2_32,True,5.193,26.994169625669382,615.0429115218187,0.0001179124272871,0.0
NSMG2_,NSMG2_33,True,5.13052,26.97261767825163,601.3139598000699,0.0001156488207297,0.0
NSMG2_,NSMG2_34,True,5.09472,26.96677356517801,585.5027236624273,0.0001141643363299,0.0
NSMG2_,NSMG2_35,True,5.11824,27.008360483047163,611.2600034060761,0.0001153695399259,0.0
NSMG2_,NSMG2_36,True,5.11412,26.90097188045353,570.7528257321121,0.0001161399048122,0.0
NSMG2_,NSMG2_37,True,5.08136,26.92284903289456,574.2810904440852,0.0001154659545214,0.0
NSMG2_,NSMG2_38,True,5.06956,26.882635385052595,600.7644645531636,0.0001141774933897,0.0
NSMG2_,NSMG2_39,True,5.0732,26.87620055536475,608.9673715468185,0.0001139767741935,0.0
RSG2_,RSG2_01,True,5.718719999999999,27.149505277030265,672.7598412757815,9.041184558435048e-05,0.0
RSG2_,RSG2_02,True,5.544200000000001,26.984662608124943,631.4370703903322,8.703936541512747e-05,0.0
RSG2_,RSG2_03,True,4.826080000000001,26.937349371988613,578.9398488340837,0.0001052912744579,0.0
RSG2_,RSG2_04,True,5.47928,27.035584747244933,619.0320759357594,8.798773135907261e-05,0.0
RSG2_,RSG2_05,True,5.54,27.118146413175204,669.1119601260831,8.769597038604248e-05,0.0
RSG2_,RSG2_06,True,5.55352,27.10363041420341,637.1061544846493,8.90001480698076e-05,0.0
RSG2_,RSG2_07,True,5.463080000000001,27.02625000303016,617.682010538731,8.845692226335632e-05,0.0
RSG2_,RSG2_08,True,5.682119999999999,27.03768827525215,630.2137036617974,8.742771020624345e-05,0.0
RSG2_,RSG2_09,True,5.61312,27.08173896111624,677.4721148047505,8.723676361713735e-05,0.0
RSG2_,RSG2_10,True,4.910839999999999,26.904189748524686,579.0231007809538,0.0001055559809624,0.0
RSG2_,RSG2_11,True,4.91504,26.937143116899573,568.1737534185315,0.0001077008989952,0.0
RSG2_,RSG2_12,True,4.93232,26.89810579742037,575.8376304836929,0.0001045680592279,0.0
RSG2_,RSG2_13,True,5.77772,27.02591387467348,613.0293583251796,8.867285034373682e-05,0.0
RSG2_,RSG2_14,True,5.571519999999999,27.05770187057261,656.6542558353884,8.908217874141021e-05,0.0
RSG2_,RSG2_15,True,5.649159999999999,27.14501702939908,635.9240267264449,8.711454257007214e-05,0.0
RSG2_,RSG2_16,True,5.705839999999999,26.91775447501352,618.5868486995462,8.965998942358885e-05,0.0
RSG2_,RSG2_17,True,5.63204,27.014849920050032,634.5921418808468,8.80274775251226e-05,0.0
RSG2_,RSG2_18,True,5.64992,26.98990364647961,624.5789122252785,8.624459016393791e-05,0.0
RSG2_,RSG2_19,True,5.81324,27.07072922396881,631.4368502033069,8.741393971444023e-05,0.0
RSG2_,RSG2_20,True,4.9476,26.894637986772995,575.5146874298055,0.0001051253305129,0.0
NSMS,NSMS06,True,4.781067185103892,26.93032592830444,567.2530131251937,0.0001049660544671,0.0
NSMS,NSMS07,True,4.865977913141251,26.86834324180516,560.567993395268,0.0001034064103156,0.0
NSMS,NSMS08,True,4.72930381074548,27.014631505580592,562.0472562933827,0.0001041770592087,0.0
NSMS,NSMS09,True,4.786198493093252,27.02222424958495,564.6475841651667,0.0001049487037453,0.0
NSMS,NSMS10,True,4.739982821047308,26.794111975067903,567.9251568807044,0.0001026909133012,0.0
NSMS,NSMS11,True,4.7892133705318,26.9160820702904,566.5631298875364,0.0001040714588518,0.0
NSMS,NSMS12,True,4.73183123394847,26.88651412275227,577.9538232071225,0.0001037667885162,0.0
NSMS,NSMS13,True,4.706380516290666,26.870678271839324,571.8101853100823,0.0001048065693916,0.0
NSMS,NSMS14,True,4.722175654023886,26.933407026660973,576.8375623002698,0.0001056582857532,0.0
NSMS,NSMS15,True,4.747039824724198,26.955673724531312,585.293429770181,0.0001056785981398,0.0
NSMS,NSMS16,True,4.82070939615369,26.906417664807105,588.5707181747698,0.0001054758590654,0.0
NSMS,NSMS17,True,4.718059767037628,27.047807911785355,574.7285543976792,0.0001046375039568,0.0
NSMS,NSMS18,True,4.775315616279844,26.86292944121676,586.6349672460344,0.0001044000094605,0.0
NSMS,NSMS19,True,4.78987768292427,27.04167890907896,584.9109362347707,0.0001057374193113,0.0
NSMS,NSMS20,True,4.734885226935148,26.94178608719028,585.5390747736021,0.0001047045374629,0.0
UTC,UTC01,False,4.71936,26.79614862103378,662.6870397180969,6.83154521417269e-05,0.0
UTC,UTC02,False,4.72808,26.851540505954272,597.5961199366055,6.691659439450335e-05,0.0
UTC,UTC03,False,4.81784,26.85377586049022,589.2905759932327,6.493903754627468e-05,0.0
UTC,UTC04,False,4.620640000000001,26.91410028229109,616.5290091025491,7.078210470650763e-05,0.0
UTC,UTC05,False,4.6856,26.863108551834035,615.9289646000437,6.758462189318111e-05,0.0
UTC,UTC06,False,4.725560000000001,26.68908305992576,597.2988531745622,6.546303543099191e-05,0.0
UTC,UTC07,False,4.57872,26.8520225780774,620.4109092972126,7.161205711264192e-05,0.0
UTC,UTC08,False,4.51396,26.87815663443193,626.5320867114385,7.231629825489442e-05,0.0
UTC,UTC09,False,4.83304,26.859362204307217,584.8737091733743,6.4846324695931e-05,0.0
UTC,UTC10,False,4.6254,26.81098899040934,637.2965148495126,7.021338974088067e-05,0.0
UTC,UTC11,False,4.556601680815223,26.86236137486448,541.5943482517281,7.055977562325482e-05,0.0
UTC,UTC12,False,4.454218409955498,26.86460583110071,578.3438940527591,7.478025225240131e-05,0.0
UTC,UTC13,False,4.508924204856156,26.84269597478926,550.2376460584994,7.248000788001783e-05,0.0
UTC,UTC14,False,4.5061412267386896,26.83553439196453,576.5759169293705,7.348793003726128e-05,0.0
UTC,UTC15,False,4.561222344636918,26.85636232438556,565.749199462143,7.097206542900057e-05,0.0
UTC,UTC16,False,4.564936365932226,26.83213075265572,558.8369041589843,7.0245955917556e-05,0.0
UTC,UTC17,False,4.570399224758151,26.812803757195628,587.0948231321039,7.043016029375361e-05,0.0
UTC,UTC18,False,4.55829715356231,26.818777577314258,583.4709486072308,6.968414032706956e-05,0.0
UTC,UTC19,False,4.605126008391377,26.8148263502822,573.8363866629046,6.891701548763932e-05,0.0
UTC,UTC20,False,4.58691567182541,26.819615134905007,583.7375859507548,6.958438193850349e-05,0.0
UTC,UTC21,False,4.604706261307002,26.87035538131316,585.9959798010515,7.008006643565264e-05,0.0
UTC,UTC22,False,4.517332185059788,26.79356173869649,593.4840633547728,7.210632186286751e-05,0.0
UTC,UTC23,False,4.5438666827976695,26.81017819256349,588.0337054486673,6.963181782697343e-05,0.0
UTC,UTC24,False,4.573640134185552,26.83972370322375,590.5450566222488,6.989534975816338e-05,0.0
UTC,UTC25,False,4.475335590541364,26.829926274908168,603.3099747238609,7.29155689793151e-05,0.0
UTC,UTC26,False,4.5740049332380295,26.82756995798104,585.2889911186721,6.87501966531725e-05,0.0
UTC,UTC27,False,4.55040419474244,26.95558140641457,589.9998667176257,7.124281483926734e-05,0.0
UTC,UTC28,False,4.460962768644097,26.847297670918927,603.117242438368,7.536892618123338e-05,0.0
UTC,UTC29,False,4.57021202892065,26.85744224359425,581.9467944004047,7.011435008920827e-05,0.0
UTC,UTC30,False,4.530583135783672,26.773526843384094,552.8191083686146,7.013475309638059e-05,0.0
UTC,UTC31,False,4.633450601249932,26.81268228099784,595.1934639109029,6.885730707254864e-05,0.0
UTC,UTC32,False,4.62074102833867,26.835721847952232,606.6507109037647,6.97669057970445e-05,0.0
UTC,UTC33,False,4.495626501739023,26.69293935422885,609.3055757425914,7.246566851663538e-05,0.0
UTC,UTC34,False,4.533200431615116,26.90423977523485,584.1859035855986,7.07744605965362e-05,0.0
UTC,UTC35,False,4.587631113827229,26.850665421563708,600.165080991075,7.009554160872399e-05,0.0
UTC_CC,UTC_CC001,False,4.283887706696987,26.84435682033429,497.4701385930017,6.559434017370646e-05,0.0
UTC_CC,UTC_CC002,False,4.325612634420396,26.919929134664063,470.5310444799171,6.621719137551498e-05,0.0
UTC_CC,UTC_CC003,False,4.311617556959392,26.772961137591928,474.1126737407831,6.490663838553879e-05,0.0
UTC_CC,UTC_CC004,False,4.286010377109051,26.747828620099806,449.0698798680246,6.389026197647959e-05,0.0
UTC_CC,UTC_CC005,False,4.30825250223279,26.771052023412818,465.78864075392,6.347437990540992e-05,0.0
UTC_CC,UTC_CC006,False,4.33622431010008,26.77922655004564,483.6185576977187,6.329764039238695e-05,0.0
UTC_CC,UTC_CC007,False,4.328626301139594,26.80832559943785,489.6863117749191,6.317850778550413e-05,0.0
UTC_CC,UTC_CC008,False,4.345335718244312,26.76994825486365,461.8793770523743,6.261808597761269e-05,0.0
UTC_CC,UTC_CC009,False,4.351284448057414,26.784657221752923,508.3209714826149,6.177866228598847e-05,0.0
UTC_CC,UTC_CC010,False,4.356544278562071,26.7707726097364,502.3595858471493,6.224403979324927e-05,0.0
UTC_CC,UTC_CC011,False,4.374831169843672,26.810152738938672,462.4232363196485,6.166745035351363e-05,0.0
UTC_CC,UTC_CC012,False,4.376794304698706,26.783972961494023,487.51648775596806,6.211278093304346e-05,0.0
UTC_CC,UTC_CC013,False,4.393802769482137,26.755100005302104,509.97315228517607,6.19970134984963e-05,0.0
UTC_CC,UTC_CC014,False,4.414057824760676,26.781362376214314,501.74609296348166,6.099554824843545e-05,0.0
UTC_CC,UTC_CC015,False,4.425871744751932,26.79819689676197,500.0840318836625,6.097953437592884e-05,0.0
UTC_CC,UTC_CC016,False,4.428672883659602,26.65969354687372,496.81404731455615,6.122596360967918e-05,0.0
UTC_CC,UTC_CC017,False,4.444452375173568,26.7884400524903,519.8974362271423,6.189532292340225e-05,0.0
UTC_CC,UTC_CC018,False,4.407021682709458,26.800827674377768,495.7653580829037,6.1035082177599104e-05,0.0
UTC_CC,UTC_CC019,False,4.477538727223872,26.81350376494283,507.9778892518318,6.112673712401116e-05,0.0
UTC_CC,UTC_CC020,False,4.45819329470396,26.80093613024273,481.3941051409432,6.137749747561117e-05,0.0
UTC_CC,UTC_CC021,False,4.490051511675119,26.81474434210473,514.4207962999053,6.05116756893981e-05,0.0
UTC_CC,UTC_CC022,False,4.477698635309936,26.7995422060152,493.0786055501119,6.089356591475164e-05,0.0
UTC_CC,UTC_CC023,False,4.494937229901555,26.788077931374097,485.1531709360473,6.03504388310964e-05,0.0
UTC_CC,UTC_CC024,False,4.464390408247709,26.79142808724464,504.8572014735871,6.065143647568062e-05,0.0
UTC_CC,UTC_CC025,False,4.4587058015167695,26.838430132651155,497.2079757262812,6.094900285406817e-05,0.0
UTC_CC,UTC_CC026,False,4.271956160664558,26.89405699696345,546.9537373764589,6.765682089705693e-05,0.0
UTC_CC,UTC_CC027,False,4.2863309383392325,26.847916828924628,522.0612566403684,6.745118994535955e-05,0.0
UTC_CC,UTC_CC028,False,4.3042306788265705,26.864549990150863,548.6956488409022,6.554987964169895e-05,0.0
UTC_CC,UTC_CC029,False,4.338207747787239,26.833899427682724,518.0590221999068,6.495056612814334e-05,0.0
UTC_CC,UTC_CC030,False,4.333034623414278,26.86493365755901,539.4777988240828,6.531642140187535e-05,0.0
UTC_CC,UTC_CC031,False,4.314957372844218,26.85251567712045,540.6398959683853,6.545146775546952e-05,0.0
UTC_CC,UTC_CC032,False,4.32133274152875,26.823758047361235,531.8504456532595,6.52040972013405e-05,0.0
UTC_CC,UTC_CC033,False,4.365939181298018,26.84563595354156,540.7768334082547,6.444976694137523e-05,0.0
UTC_CC,UTC_CC034,False,4.359747748821974,26.82885692933535,519.2621627013187,6.479191894745242e-05,0.0
UTC_CC,UTC_CC035,False,4.349891748279331,26.84027876255083,517.2423370607763,6.424861791184914e-05,0.0
UTC_CC,UTC_CC036,False,4.382293671369552,26.844565750460664,513.0359564548987,6.387590143548156e-05,0.0
UTC_CC,UTC_CC037,False,4.385460168123248,26.84411097140301,531.9797912247101,6.389147914761155e-05,0.0
UTC_CC,UTC_CC038,False,4.39575593918562,26.86102090696429,517.3505059073137,6.310151961825912e-05,0.0
UTC_CC,UTC_CC039,False,4.397711064666506,26.85802868840222,505.9007540557206,6.32301124136889e-05,0.0
UTC_CC,UTC_CC040,False,4.425310250371696,26.825037940359987,507.724364827508,6.21310981913508e-05,0.0
UTC_CC,UTC_CC041,False,4.4142729602754125,26.846732325389507,505.13376725031327,6.260983315939466e-05,0.0
UTC_CC,UTC_CC042,False,4.421717021614314,26.81457230968497,503.72576854468895,6.245908646050213e-05,0.0
UTC_CC,UTC_CC043,False,4.42126402631402,26.81419755761648,514.0677064350283,6.277451975274366e-05,0.0
UTC_CC,UTC_CC044,False,4.455480445176362,26.830305212412224,511.7741505952672,6.199004271401399e-05,0.0
UTC_CC,UTC_CC045,False,4.467162489891054,26.704400787483628,450.69017417106767,6.206683427418774e-05,0.0
UTC_CC,UTC_CC046,False,4.50068498030305,26.804452077897963,516.424869640602,6.194112291495844e-05,0.0
UTC_CC,UTC_CC047,False,4.442087095230816,26.7695759800482,501.4855526587727,6.195156608961093e-05,0.0
UTC_CC,UTC_CC048,False,4.467891901731489,26.81853309366548,518.4193414651176,6.224939024390382e-05,0.0
UTC_CC,UTC_CC049,False,4.474370088428261,26.75676831087069,505.5888438866289,6.264200456744098e-05,0.0
UTC_CC,UTC_CC050,False,4.422557260841132,26.826464711726487,506.9673485878231,6.246707155426122e-05,0.0
UTC_CC,UTC_CC051,False,4.3960414826869965,26.782657747281576,489.2483098506943,6.240878730918043e-05,0.0
UTC_CC,UTC_CC052,False,4.385639633983372,26.769039677024693,473.9333254718025,6.201114551824962e-05,0.0
UTC_CC,UTC_CC053,False,4.388565756380559,26.77629863839318,494.0031778815498,6.195580057843434e-05,0.0
UTC_CC,UTC_CC054,False,4.426327906548973,26.81914172591617,467.8699054331345,6.134443586896406e-05,0.0
UTC_CC,UTC_CC055,False,4.399729613214732,26.72118818148554,488.6921636298022,6.217950568911478e-05,0.0
UTC_CC,UTC_CC056,False,4.424900375306606,26.77664435508889,459.9047347235652,6.224503243240862e-05,0.0
UTC_CC,UTC_CC057,False,4.39938735216856,26.74606397632253,459.925763869928,6.206880014789948e-05,0.0
UTC_CC,UTC_CC058,False,4.4009329751133945,26.77985308193994,476.3015544392735,6.166223435609302e-05,0.0
UTC_CC,UTC_CC059,False,4.418468661606312,26.773641091547105,467.0388908240628,6.139202463026694e-05,0.0
UTC_CC,UTC_CC060,False,4.407002963125708,26.787741968025024,478.55967932700617,6.176310417546505e-05,0.0
UTC_CC,UTC_CC061,False,4.39514322206378,26.809029841017605,475.66175872002896,6.237088632191463e-05,0.0
UTC_CC,UTC_CC062,False,4.419755563139916,26.79800767478608,484.8079534063824,6.155707375484086e-05,0.0
UTC_CC,UTC_CC063,False,4.395286832004786,26.78617364581264,492.11131292997055,6.183182804917942e-05,0.0
UTC_CC,UTC_CC064,False,4.469482414424418,26.76176074836376,499.89128104502254,6.153691325598975e-05,0.0
UTC_CC,UTC_CC065,False,4.459342360496522,26.779312844335983,485.6298769930197,6.142920203259028e-05,0.0
UTC_CC,UTC_CC066,False,4.43931818008423,26.75465770705993,482.2340831560785,6.114910107986835e-05,0.0
UTC_CC,UTC_CC067,False,4.45332396775484,26.798219677499667,500.8320531434568,6.15816427929636e-05,0.0
UTC_CC,UTC_CC068,False,4.434613324701789,26.800268133308627,497.40326372958657,6.185689505676522e-05,0.0
UTC_CC,UTC_CC069,False,4.418958164751531,26.77513609954236,483.7133044796544,6.207166602101504e-05,0.0
UTC_CC,UTC_CC070,False,4.4358323328197,26.77437188005552,503.10746475729314,6.142582917721166e-05,0.0
UTC_CC,UTC_CC071,False,4.405092727392912,26.83330381265125,497.8419213779631,6.320858305287908e-05,0.0
UTC_CC,UTC_CC072,False,4.443092364817856,26.82668757462124,492.033374485692,6.205035641490295e-05,0.0
UTC_CC,UTC_CC073,False,4.411712288856506,26.83051079177756,488.2132700121206,6.278583209613263e-05,0.0
UTC_CC,UTC_CC074,False,4.44749603047967,26.811770532937903,505.7991427312248,6.235706979938082e-05,0.0
UTC_CC,UTC_CC075,False,4.429795686155558,26.774800210484365,504.5140971415189,6.244542699707389e-05,0.0
UTC_CC,UTC_CC076,False,4.418050404638052,26.81076732843784,492.6808021171466,6.324761231454306e-05,0.0
UTC_CC,UTC_CC077,False,4.388001281768085,26.811041397670778,514.6393651922425,6.337951280724575e-05,0.0
UTC_CC,UTC_CC078,False,4.407697729766369,26.792676979357203,505.5317761022348,6.316343045610054e-05,0.0
UTC_CC,UTC_CC079,False,4.436274152249097,26.74450801779769,514.0673742122452,6.370400568635125e-05,0.0
UTC_CC,UTC_CC080,False,4.466723743826153,26.78984690174884,500.9015196400355,6.351378297661039e-05,0.0
UTC_CC,UTC_CC081,False,4.434858541935684,26.798766501926,505.4783249804427,6.337433394452714e-05,0.0
UTC_CC,UTC_CC082,False,4.407892376184462,26.78625461136418,500.0023460597992,6.354520755358752e-05,0.0
UTC_CC,UTC_CC083,False,4.42804815247655,26.770894440926423,503.7545619678608,6.323555973962044e-05,0.0
UTC_CC,UTC_CC084,False,4.47572646662593,26.826176520456,496.1814755489761,6.304833115069427e-05,0.0
UTC_CC,UTC_CC085,False,4.447141755372286,26.83318936106089,503.405599014695,6.280810124522335e-05,0.0
UTC_CC,UTC_CC086,False,4.315019119530918,26.781675661737847,510.7543440970777,6.40131851302665e-05,0.0
UTC_CC,UTC_CC087,False,4.30470369756222,26.7925673762794,509.8043426865205,6.416670127024902e-05,0.0
UTC_CC,UTC_CC088,False,4.327071458101273,26.806795996509702,505.5344503311142,6.396870701591297e-05,0.0
UTC_CC,UTC_CC089,False,4.346175026148558,26.778666987408418,494.0587825746613,6.306203784512978e-05,0.0
UTC_CC,UTC_CC090,False,4.361537471413613,26.77621104444377,503.13462675614255,6.201877645332869e-05,0.0
UTC_CC,UTC_CC091,False,4.331790562719105,26.845492879881952,498.1416404613761,6.302866152926775e-05,0.0
UTC_CC,UTC_CC092,False,4.353493172675369,26.813224281595723,499.4368139991125,6.238438020594067e-05,0.0
UTC_CC,UTC_CC093,False,4.3519847095012665,26.808332622030047,486.9668199087014,6.238692023928093e-05,0.0
UTC_CC,UTC_CC094,False,4.426332376897336,26.772124405668915,494.7294221697144,6.139168923593912e-05,0.0
UTC_CC,UTC_CC095,False,4.413173999637368,26.77179509701553,491.9459812750005,6.10015850015789e-05,0.0
UTC_CC,UTC_CC096,False,4.415202420204876,26.800476788476413,500.0582717176071,6.105241768105741e-05,0.0
UTC_CC,UTC_CC097,False,4.4328453950583935,26.76406920198368,498.1974837585163,6.067313333665287e-05,0.0
UTC_CC,UTC_CC098,False,4.452432692050931,26.762594390262088,489.2187740123721,6.027581551398664e-05,0.0
UTC_CC,UTC_CC099,False,4.44399742409587,26.76391837130107,492.0678853323418,6.002898065502595e-05,0.0
UTC_CC,UTC_CC100,False,4.451320692896846,26.75989302857198,485.7864761450399,6.0276528707122886e-05,0.0
UTC_CC,UTC_CC101,False,4.465039540082217,26.821800830630103,490.0786927985972,6.046879865201813e-05,0.0
UTC_CC,UTC_CC102,False,4.445257131010295,26.762474908753045,485.0159123404909,5.993276380400737e-05,0.0
UTC_CC,UTC_CC103,False,4.488333221524954,26.819564485312764,500.3881429117406,6.037656087793071e-05,0.0
UTC_CC,UTC_CC104,False,4.454307164996864,26.80733114556632,485.4877952218544,6.058082794194689e-05,0.0
UTC_CC,UTC_CC105,False,4.45493282750249,26.816076544503723,490.177356413332,6.056533735354097e-05,0.0
UTC_CC,UTC_CC106,False,4.458330851048231,26.764387652050708,476.8758988349365,5.9495262244136914e-05,0.0
UTC_CC,UTC_CC107,False,4.483795631676914,26.80885259877613,489.406724732691,5.996920900259064e-05,0.0
UTC_CC,UTC_CC108,False,4.502042196691034,26.77716943448536,481.1111094105601,6.011414067304861e-05,0.0
UTC_CC,UTC_CC109,False,4.501701518893242,26.834408561539977,494.90098964132017,5.992463750972861e-05,0.0
UTC_CC,UTC_CC111,False,4.452301003038882,26.7851016589323,484.6297996743151,6.068642810184375e-05,0.0
UTC_CC,UTC_CC112,False,4.490251000970602,26.77259760647552,449.0738921149305,5.9763503929239615e-05,0.0
UTC_CC,UTC_CC113,False,4.442351032048464,26.793796114927147,455.4980563365187,6.014544005584322e-05,0.0
UTC_CC,UTC_CC114,False,4.448275547474622,26.78314188141813,478.3300721550232,6.01350486924729e-05,0.0
UTC_CC,UTC_CC115,False,4.470975138247015,26.728595057808747,427.9736656182405,5.9457124954083474e-05,0.0
UTC_CC,UTC_CC116,False,4.384418670088054,26.831600648461272,542.0459420629746,6.592623551589667e-05,0.0
UTC_CC,UTC_CC117,False,4.362430889159439,26.815863960041334,539.438517457142,6.634831794950098e-05,0.0
UTC_CC,UTC_CC118,False,4.415736254304648,26.841352206023384,545.3775500119427,6.635532734619422e-05,0.0
UTC_CC,UTC_CC119,False,4.389761947095396,26.828478300098283,553.7345188134809,6.630771844153128e-05,0.0
UTC_CC,UTC_CC120,False,4.398505110293627,26.8226746151092,554.742813001916,6.632208129729238e-05,0.0
UTC_CC,UTC_CC121,False,4.390668123960494,26.787954705331263,532.0283062643063,6.48965517828285e-05,0.0
UTC_CC,UTC_CC122,False,4.387329146265983,26.76922100480617,531.8002349304403,6.516162963069198e-05,0.0
UTC_CC,UTC_CC123,False,4.397562704980374,26.77443125545691,534.1320318171788,6.507895945998657e-05,0.0
UTC_CC,UTC_CC124,False,4.384914226830004,26.810205323111926,516.6413528085114,6.523319854465822e-05,0.0
UTC_CC,UTC_CC125,False,4.367356188595294,26.78381726555375,519.6363596411869,6.540157171759493e-05,0.0
UTC_CC,UTC_CC126,False,4.436297062784436,26.816365571297904,509.17547908288986,6.308447277062379e-05,0.0
UTC_CC,UTC_CC127,False,4.424525424838066,26.75078552813766,493.95122312548887,6.285215708777551e-05,0.0
UTC_CC,UTC_CC128,False,4.466413613408804,26.784149529015355,506.6783252289786,6.277157488219741e-05,0.0
UTC_CC,UTC_CC129,False,4.421249683946369,26.775996082623635,533.9451088237986,6.273701532863816e-05,0.0
UTC_CC,UTC_CC130,False,4.378775600343943,26.807775590380658,529.9233141341982,6.333136623740364e-05,0.0
UTC_CC,UTC_CC131,False,4.484059382230044,26.76090877190628,506.6273689976335,6.162855603758597e-05,0.0
UTC_CC,UTC_CC132,False,4.455723986029626,26.77173577032136,489.3289436058713,6.169261295587068e-05,0.0
UTC_CC,UTC_CC133,False,4.489064402878285,26.77941551105801,493.9658959555064,6.171817635691117e-05,0.0
UTC_CC,UTC_CC134,False,4.45613069459796,26.790748383119176,484.2728100231411,6.193091372833014e-05,0.0
UTC_CC,UTC_CC135,False,4.4538991525769225,26.75050054903308,495.2517291237704,6.139766171748244e-05,0.0
UTC_CC,UTC_CC136,False,4.347372520714999,26.83197734627493,507.3707935077142,6.34633785282155e-05,0.0
UTC_CC,UTC_CC137,False,4.311772342771291,26.77384617104141,520.1450140108435,6.390299100383775e-05,0.0
UTC_CC,UTC_CC138,False,4.345297254621982,26.819187022924297,535.8604965449404,6.32150810347856e-05,0.0
UTC_CC,UTC_CC139,False,4.351131059229374,26.759544018230383,539.9591860213213,6.3221641416782e-05,0.0
UTC_CC,UTC_CC140,False,4.264888074249029,26.842052233755417,564.7755741783196,6.61577658047152e-05,0.0
UTC_CC,UTC_CC141,False,4.27660699933767,26.83494188423027,544.4179811149327,6.545781350479647e-05,0.0
UTC_CC,UTC_CC142,False,4.248476866632698,26.79183950305809,549.1659384093336,6.571678929366053e-05,0.0
UTC_CC,UTC_CC143,False,4.314313735812904,26.78134563023703,548.4403952479114,6.445620769446999e-05,0.0
UTC_CC,UTC_CC145,False,4.264709725975991,26.81730545604897,553.869485305021,6.778451428408602e-05,0.0
UTC_CC,UTC_CC146,False,4.24657491967082,26.80541505843495,534.7873621251297,6.775000467029936e-05,0.0
UTC_CC,UTC_CC147,False,4.270750470459459,26.849787542867983,531.7151713492831,6.790704378047816e-05,0.0
UTC_CC,UTC_CC148,False,4.27770121023059,26.757271335140093,540.7886551858315,6.657130346451018e-05,0.0
UTC_CC,UTC_CC149,False,4.256884939968588,26.77875409129065,542.1054928046126,6.740396233627472e-05,0.0
UTC_CC,UTC_CC150,False,4.271138180047274,26.80676949124481,537.120652868144,6.818053313092438e-05,0.0
UTC_CC,UTC_CC151,False,4.227919224649669,26.665889305927344,540.6352771302655,6.76586554203025e-05,0.0
UTC_CC,UTC_CC152,False,4.26930794492364,26.81614223818226,539.5045818390959,6.793726571515234e-05,0.0
UTC_CC,UTC_CC153,False,4.277586936950684,26.73842762226842,539.486536492979,6.822177151337517e-05,0.0
UTC_CC,UTC_CC154,False,4.297162406146528,26.806371781150432,540.8627457716553,6.897210944808641e-05,0.0
UTC_CC,UTC_CC155,False,4.259614739567042,26.804616260089137,526.3807913887205,6.60300430152759e-05,0.0
UTC_CC,UTC_CC156,False,4.271365888416769,26.79349632566396,533.1367759939213,6.606893738045472e-05,0.0
UTC_CC,UTC_CC157,False,4.246482439339163,26.79711468033426,535.8406565601907,6.639724907611826e-05,0.0
UTC_CC,UTC_CC158,False,4.274594876915218,26.742041009093988,536.6562845805855,6.603331707461573e-05,0.0
UTC_CC,UTC_CC159,False,4.39044376835227,26.773223617809425,555.0155273473026,6.533414017092173e-05,0.0
UTC_CC,UTC_CC160,False,4.391611181199548,26.849034888386228,549.4790321162403,6.555367058260523e-05,0.0
UTC_CC,UTC_CC161,False,4.385062865912914,26.809070903042493,574.3653972777486,6.649667665063217e-05,0.0
UTC_CC,UTC_CC162,False,4.394423682242633,26.81421055625797,542.8822077633229,6.460487071300885e-05,0.0
UTC_CC,UTC_CC163,False,4.415234830230477,26.79869530849892,544.166097513642,6.471996248312402e-05,0.0
UTC_CC,UTC_CC164,False,4.41854251548648,26.86518825702664,543.2656534317285,6.499908547326699e-05,0.0
UTC_CC,UTC_CC165,False,4.418072942644359,26.77991911233224,546.3967065100798,6.46369037770516e-05,0.0
UTC_CC,UTC_CC166,False,4.4275065883994085,26.78747446454636,474.6220471207142,6.161207975430963e-05,0.0
UTC_CC,UTC_CC167,False,4.419798217713831,26.759138595379607,496.9459232820821,6.186040999916767e-05,0.0
UTC_CC,UTC_CC168,False,4.47186604142189,26.771952974779943,481.6396095957922,6.150905700870598e-05,0.0
UTC_CC,UTC_CC169,False,4.459984041750428,26.76489063355213,496.0714901684848,6.171332850524584e-05,0.0
UTC_CC,UTC_CC170,False,4.432381689548495,26.76504769415704,509.3338345912544,6.148559600312128e-05,0.0
UTC_CC,UTC_CC171,False,4.396979231387379,26.76583631605186,499.9805703581383,6.183291854862159e-05,0.0
UTC_CC,UTC_CC172,False,4.437184892594813,26.75234139357909,508.9818683438013,6.133399008404668e-05,0.0
UTC_CC,UTC_CC173,False,4.418676346540452,26.764019709399378,513.085151999715,6.189772185472355e-05,0.0
UTC_CC,UTC_CC174,False,4.395980294793843,26.649097446992453,512.5896780096333,6.13141634527651e-05,0.0
UTC_CC,UTC_CC175,False,4.397186823189258,26.78169462345294,500.3713493667835,6.223229902177629e-05,0.0
UTC_CC,UTC_CC176,False,4.416506178677083,26.808188322259628,507.7484380043919,6.23009034143401e-05,0.0
UTC_CC,UTC_CC177,False,4.422794468700884,26.80130489457496,511.56235314588594,6.238001559790878e-05,0.0
UTC_CC,UTC_CC178,False,4.361671116203071,26.77850468041594,511.862603379262,6.29800791930515e-05,0.0
UTC_CC,UTC_CC179,False,4.357064701616764,26.77261532574096,507.3623038906475,6.346481875381326e-05,0.0
UTC_CC,UTC_CC180,False,4.339146986603737,26.75345251677232,505.6945404077552,6.333960561029847e-05,0.0
UTC_CC,UTC_CC181,False,4.380668979138136,26.834085002842222,507.063159629754,6.364467310005821e-05,0.0
UTC_CC,UTC_CC182,False,4.362164903432132,26.80865511436473,503.94484197507074,6.364482533263793e-05,0.0
UTC_CC,UTC_CC183,False,4.433550965040924,26.78490055842117,482.9360262606655,6.255099539054782e-05,0.0
UTC_CC,UTC_CC184,False,4.418629035353658,26.74645269784128,500.06363406461816,6.248109443541987e-05,0.0
UTC_CC,UTC_CC185,False,4.436346795409918,26.798564029893537,513.7936107894039,6.310735094853281e-05,0.0
UTC_CC,UTC_CC186,False,4.465468134731054,26.766368017141748,492.1163470881918,6.0934830350594425e-05,0.0
UTC_CC,UTC_CC187,False,4.440052341669798,26.869738373156128,496.1665579737708,6.174419793319826e-05,0.0
UTC_CC,UTC_CC188,False,4.437394719570878,26.66547950372769,496.40788139774895,6.018835092815745e-05,0.0
UTC_CC,UTC_CC189,False,4.43840716034174,26.7486659219432,487.2370632120201,6.0733988199490434e-05,0.0
UTC_CC,UTC_CC190,False,4.486171435564756,26.71166021704588,491.8537396147315,6.03225841598216e-05,0.0
UTC_CC,UTC_CC191,False,4.487331304699182,26.771798358787866,491.840710799486,6.041475800706035e-05,0.0
UTC_CC,UTC_CC192,False,4.484962113201619,26.775187643612263,497.2152558032344,6.076219372967748e-05,0.0
UTC_CC,UTC_CC193,False,4.483413603156803,26.85812768237768,495.75685051135895,6.12599435368302e-05,0.0
UTC_CC,UTC_CC195,False,4.502367321401835,26.71309480434531,496.54817267840383,6.121694406328324e-05,0.0
UTC_CC,UTC_CC196,False,4.484533891081811,26.74930205295583,504.7674870265924,6.126979994378579e-05,0.0
UTC_CC,UTC_CC197,False,4.446867946535349,26.805588128790383,504.1997784628899,6.161210063642303e-05,0.0
UTC_CC,UTC_CC198,False,4.467264749109744,26.791427174529097,497.5587971014524,6.161053176912449e-05,0.0
UTC_CC,UTC_CC199,False,4.458406753838062,26.764769748201253,501.8726724070321,6.167494427434701e-05,0.0
UTC_CD,UTC_CD01,False,4.410439729690553,26.80583569161757,728.7467249335807,6.848581348034428e-05,0.0
UTC_CD,UTC_CD02,False,4.394228663295507,26.90616066066351,650.5463169390258,6.874419688698049e-05,0.0
UTC_CD,UTC_CD03,False,4.3982503935694695,26.74980069262985,658.924577373245,6.660108485553409e-05,0.0
UTC_CD,UTC_CD04,False,4.37492011114955,26.787050991371053,665.2767620517607,6.825336053699845e-05,0.0
UTC_CD,UTC_CD05,False,4.506532941013576,26.902985325595825,644.967251616213,6.692767830783551e-05,0.0
UTC_CD,UTC_CD06,False,4.50061997398734,26.8206698864258,654.3068129237208,6.631130292531302e-05,0.0
UTC_CD,UTC_CD07,False,4.49516549706459,26.81747368110297,651.0396492147811,6.681452872205255e-05,0.0
UTC_CD,UTC_CD08,False,4.4905653223395365,26.82909808862139,654.2571205520144,6.727150871380775e-05,0.0
UTC_CD,UTC_CD09,False,4.4758536852896205,26.9290301789203,645.9531100834389,6.770884006475047e-05,0.0
UTC_CD,UTC_CD10,False,4.546693898737431,26.73805556355577,624.7685288253381,6.494612375393764e-05,0.0
NSMG,NSMG02,True,4.9244,27.1304372548872,613.5623912725493,0.0001004053939714,64.0
NSMG,NSMG03,True,4.81128,27.10381463644726,609.5968877125068,9.862113167636464e-05,64.0
NSMG,NSMG04,True,4.8734,27.18383917848937,606.9088234621859,0.0001003430142781,64.0
NSMG,NSMG05,True,4.756919999999999,27.127719145595325,610.7639788465474,9.906337387625866e-05,64.0
NSMG,NSMG06,True,4.794479999999999,27.13058967366815,611.3289786086891,9.947608672660248e-05,64.0
NSMG,NSMG07,True,4.73084,27.059738898262605,615.4706398615791,9.89250766790086e-05,64.0
NSMG,NSMG08,True,4.7906,27.132404156522423,612.8590589591269,0.0001002230988894,64.0
NSMG,NSMG09,True,4.7473600000000005,27.14002631513868,609.5894558721284,9.978787942887632e-05,64.0
NSMG,NSMG10,True,4.74304,27.135342304830647,609.9980503984763,0.0001001815124272,64.0
NSMG,NSMG11,True,4.88728,27.001739585006067,617.2290971733627,9.861374933897688e-05,64.0
NSMG,NSMG12,True,4.672479999999999,27.132044264727075,609.9200706780911,0.0001004698466419,64.0
NSMG,NSMG13,True,4.676120000000001,27.11782113910931,615.0542682681788,0.000100357398202,64.0
NSMG2_,NSMG2_02,True,4.9054,26.962373094808008,574.695467859271,0.0001063008355367,64.0
NSMG2_,NSMG2_03,True,4.974080000000001,26.87354441420507,556.6988934041202,0.0001073262400846,64.0
NSMG2_,NSMG2_04,True,4.943360000000001,26.98075685150508,640.9505129767924,0.0001053031411951,64.0
NSMG2_,NSMG2_05,True,4.981839999999999,26.988754459149355,561.068380680884,0.0001057376414595,64.0
NSMG2_,NSMG2_06,True,5.168239999999999,26.872253543662666,585.3840325887799,0.0001094047805393,64.0
NSMG2_,NSMG2_07,True,4.9558800000000005,27.001658080901727,563.4589390050031,0.0001059698360655,64.0
NSMG2_,NSMG2_08,True,4.91108,26.98195621553296,545.2741902265416,0.0001054893283976,64.0
NSMG2_,NSMG2_09,True,4.9578,27.06081774871051,553.4415768446463,0.0001050297408778,64.0
NSMG2_,NSMG2_10,True,4.848,26.878209843342937,546.9535642522851,0.0001031767953463,64.0
NSMG2_,NSMG2_11,True,5.27884,26.92788477168505,582.3954129823477,0.0001092681544156,64.0
NSMG2_,NSMG2_13,True,5.31588,26.798270156050496,565.7206240035284,0.0001119398202009,64.0
T3,T3,True,4.70916,27.117935933871,608.0581392086145,9.48043363299869e-05,64.0
T4,T4,True,4.62428,27.024029018242736,598.8460250407815,9.69224114225305e-05,64.0
NSMG,NSMG02,True,4.92252,27.12464217910471,645.1893463694068,0.0001002701216287,80.0
NSMG,NSMG03,True,4.822160000000001,27.11760528279553,634.9143325033566,9.97329243786382e-05,80.0
NSMG,NSMG04,True,4.86476,27.170972667236747,634.1626326887964,9.942519301956925e-05,80.0
NSMG,NSMG05,True,4.75888,27.133161182457904,635.7853134746781,9.901044949762332e-05,80.0
NSMG,NSMG06,True,4.7988800000000005,27.11621163877941,634.7656377472513,9.93638709677448e-05,80.0
NSMG,NSMG07,True,4.73904,27.09091738951031,639.4759201022555,9.973533580116612e-05,80.0
NSMG,NSMG08,True,4.76596,27.11559038217112,636.8091072844984,9.93552406134346e-05,80.0
NSMG,NSMG09,True,4.746840000000001,27.135452940695984,617.7640686595113,9.929444738234e-05,80.0
NSMG,NSMG10,True,4.75656,27.12886118455027,625.5393871548765,0.0001014864727657,80.0
NSMG,NSMG11,True,4.897360000000001,27.001433772918794,640.4856827065823,9.931310417768654e-05,80.0
NSMG,NSMG13,True,4.68776,27.11341292400211,652.8578944798294,0.0001011803278688,80.0
NSMG2_,NSMG2_02,True,4.789,26.966891483430555,605.7541906296152,0.0001043826335272,80.0
NSMG2_,NSMG2_03,True,4.93972,26.97124858907871,588.35903941999,0.0001097444738233,80.0
NSMG2_,NSMG2_04,True,4.87832,26.88624200812436,578.3911355914325,0.0001073617979904,80.0
NSMG2_,NSMG2_05,True,4.88652,26.986118016809485,578.9376293319112,0.0001122522686409,80.0
NSMG2_,NSMG2_06,True,5.07404,26.88193568408851,619.8122447031227,0.0001090550185087,80.0
NSMG2_,NSMG2_07,True,4.877400000000001,26.986364819358425,572.8093841071103,0.0001086114648334,80.0
NSMG2_,NSMG2_08,True,4.82924,26.97125797724211,557.2344072209215,0.0001097454468535,80.0
NSMG2_,NSMG2_09,True,4.874359999999999,27.052485369743977,580.9913771441358,0.0001131660285563,80.0
NSMG2_,NSMG2_10,True,4.77316,26.873223664113084,559.2152513462665,0.0001085808566895,80.0
NSMG2_,NSMG2_11,True,5.20844,26.94373617409292,600.977103626926,0.0001180546166049,80.0
NSMG2_,NSMG2_12,True,4.79312,26.999386377513552,657.3375389136801,0.0001126542570068,80.0
NSMG2_,NSMG2_13,True,5.22864,26.79832514246332,622.453602272052,0.0001192137281861,80.0
T3,T3,True,4.71128,27.11371641212363,643.2235339981039,9.48740772078292e-05,80.0
T4,T4,True,4.62836,27.013664199786056,634.9975336012335,9.689512427287437e-05,80.0
NSMG,NSMG02,True,4.919,27.115415812945987,635.130930119134,0.0001002108725542,104.0
NSMG,NSMG03,True,4.81084,26.838055795547746,646.2466295387346,9.84445901639376e-05,104.0
NSMG,NSMG04,True,4.852320000000001,27.131435587699286,609.9993795046078,9.929231094659182e-05,104.0
NSMG,NSMG05,True,4.74948,27.122802421994567,609.1943218636819,9.895515600211807e-05,104.0
NSMG,NSMG06,True,4.791,27.11599678551641,610.6941486003099,9.901597038604176e-05,104.0
NSMG,NSMG07,True,4.72076,27.08135174274529,638.7198922835058,9.839873083025154e-05,104.0
NSMG,NSMG08,True,4.76032,27.11465974205891,625.0117758734566,9.919075621364622e-05,104.0
NSMG,NSMG09,True,4.73584,27.13876702600252,615.9629764031997,9.907086197779238e-05,104.0
NSMG,NSMG10,True,4.73128,27.12127242530888,621.2441197594536,9.992977260708891e-05,104.0
NSMG,NSMG11,True,4.87676,27.00348188871258,629.0354183804485,9.82957800105794e-05,104.0
NSMG,NSMG12,True,4.6439200000000005,27.12975812967406,630.6005524380284,9.887109465891352e-05,104.0
NSMG,NSMG13,True,4.66676,27.099379122565665,631.4839402763873,9.96527128503464e-05,104.0
NSMG2_,NSMG2_02,True,4.82652,26.96550840581073,622.576719836111,0.0001152126493918,104.0
NSMG2_,NSMG2_03,True,4.94196,26.96615947254049,626.5142883109448,0.0001135441565309,104.0
NSMG2_,NSMG2_04,True,4.8934,26.87378130826953,563.2067352594349,0.0001080385616076,104.0
NSMG2_,NSMG2_05,True,4.9,26.98449558695176,575.9102656704724,0.0001127996404019,104.0
NSMG2_,NSMG2_06,True,5.1062,26.88364974414232,612.0491969065264,0.0001158980222104,104.0
NSMG2_,NSMG2_07,True,4.90516,26.993468676105906,579.1777054415988,0.0001065414278159,104.0
NSMG2_,NSMG2_08,True,4.862239999999999,26.96940917028771,564.3517898723138,0.0001126648757271,104.0
NSMG2_,NSMG2_09,True,4.89356,27.0546344421968,569.2853117304962,0.0001130757694341,104.0
NSMG2_,NSMG2_10,True,4.76176,26.871708750928697,631.152228647916,0.0001029829508196,104.0
NSMG2_,NSMG2_11,True,5.201,26.94952723739761,626.894606796376,0.0001121370914859,104.0
NSMG2_,NSMG2_12,True,4.81124,27.00308661188788,707.4178955358622,0.0001121417239555,104.0
NSMG2_,NSMG2_13,True,5.24536,26.809931789973582,696.7725291424475,0.0001206712638815,104.0
T3,T3,True,4.69592,27.115581823260023,617.3618179056319,9.437241671073796e-05,104.0
T4,T4,True,4.608840000000001,27.011508919225275,610.9514137144706,9.64741829719752e-05,104.0
NSMG,NSMG02,True,4.9110000000000005,27.1379799190413,699.2060807289665,9.97142887361214e-05,128.0
NSMG,NSMG03,True,4.79756,27.11340180212384,639.5652370178017,9.815824431517988e-05,128.0
NSMG,NSMG04,True,4.842600000000001,27.18666202653055,636.0609990547774,9.892461131676636e-05,128.0
NSMG,NSMG05,True,4.76132,27.14215661790711,616.7566243887723,9.820537281861708e-05,128.0
NSMG,NSMG06,True,4.783440000000001,27.13870799414868,615.6622518791509,9.90573453199392e-05,128.0
NSMG,NSMG07,True,4.71348,27.10600966768268,628.4042123852267,9.833118984664484e-05,128.0
NSMG,NSMG08,True,4.74744,27.14706792855556,631.1127548113468,9.893188789000791e-05,128.0
NSMG,NSMG09,True,4.722759999999999,27.17196281604448,623.4641534839278,9.894536224220257e-05,128.0
NSMG,NSMG10,True,4.72484,27.157138175820982,684.6190097885351,9.974995240613675e-05,128.0
NSMG,NSMG11,True,4.87052,27.025083406363205,630.4797306877804,9.8061956636703e-05,128.0
NSMG,NSMG13,True,4.66668,27.131487211227256,628.3167079041173,9.945933368588324e-05,128.0
NSMG2_,NSMG2_02,True,4.7964,26.95457329984609,549.2271579417846,0.0001128778424114,128.0
NSMG2_,NSMG2_03,True,4.88292,26.961767413571813,571.3281915429644,0.0001116477207826,128.0
NSMG2_,NSMG2_04,True,4.82856,26.870445260252787,557.7521186638435,0.000108977578001,128.0
NSMG2_,NSMG2_05,True,4.84764,26.9760131826484,561.5972972629836,0.0001105576520359,128.0
NSMG2_,NSMG2_06,True,5.05624,26.84931951733337,572.5493328277138,0.0001131927657324,128.0
NSMG2_,NSMG2_07,True,4.85468,26.98048021423751,554.1936514727507,0.0001095657535695,128.0
NSMG2_,NSMG2_08,True,4.800879999999999,26.96407676912792,558.0364521346936,0.0001095542887361,128.0
NSMG2_,NSMG2_09,True,4.84212,27.03718967830908,570.4093291137045,0.0001111447488101,128.0
NSMG2_,NSMG2_10,True,4.727,26.864683159847225,557.4126503479528,0.0001083055737704,128.0
NSMG2_,NSMG2_11,True,5.149759999999999,26.951010448129047,595.2970989417374,0.0001149991115811,128.0
NSMG2_,NSMG2_12,True,4.769,26.99328964625686,637.619965164764,0.0001098985933368,128.0
NSMG2_,NSMG2_13,True,5.189399999999999,26.821847705311075,623.0663209077858,0.0001166279428873,128.0
T3,T3,True,4.6778,27.13120176895339,619.2729652244894,9.439543098889768e-05,128.0
T4,T4,True,4.5955200000000005,27.0365549930632,612.1591832548085,9.62925859333712e-05,128.0
